"","study","country","sequence","subid"
"1","1","us","1","R_bJX8RWTZ7RaV8HP"
"2","1","us","1","R_6fbFiNVB6MFCxCt"
"3","1","us","1","R_eew5IppVb3Amjad"
"4","1","us","1","R_0lxKq3EZpu8YgKN"
"5","1","us","1","R_9AgTp72ft2LA2AB"
"6","1","us","1","R_4JE63h47n2FAI8B"
"7","1","us","1","R_43pNIOadVPn4K3j"
"8","1","us","1","R_0dKn1jkPuTFLlnn"
"9","1","us","1","R_3lR0LqYqVGzBNid"
"10","1","us","1","R_6lh2AAf2dfziuYR"
"11","1","us","2","R_d0xYZ3w0hjbz92t"
"12","1","us","2","R_7PwhzIUg22D1qO9"
"13","1","us","2","R_b1SyX9hT15JxRyZ"
"14","1","us","2","R_9Ntcpm8QUPvjW5v"
"15","1","us","2","R_1ImcV20k3mZ4EwB"
"16","1","us","2","R_3DFVB29swcYcMaF"
"17","1","us","2","R_9zaRqTKdZuyTAlD"
"18","1","us","2","R_8Ij29GMQENYYy7X"
"19","1","us","2","R_eKaCSH19mCOsxtH"
"20","1","us","2","R_6MbAhRcU7sIPx9r"
"21","1","us","3","R_7PT2uF94g2R9edf"
"22","1","us","3","R_3IP37bQ86j8MPWZ"
"23","1","us","3","R_3E5hPcKUFZzJ9zL"
"24","1","us","3","R_aheZLmQ3rUwriLz"
"25","1","us","3","R_6PUFkJLmyrREi33"
"26","1","us","3","R_3C33hHhfhaB65al"
"27","1","us","3","R_0eMAZLFOjFZIvI1"
"28","1","us","3","R_cO9vmnlw3vY6oqp"
"29","1","us","3","R_9yOYrxQ6IiEs4rX"
"30","1","us","3","R_a5GdOdin7kBBlkx"
"31","1","us","4","R_ebKOr59GF3HQSyN"
"32","1","us","4","R_6QFvCE6Rc9RQAaF"
"33","1","us","4","R_ebyVrjRRGF7Cesl"
"34","1","us","4","R_dbwJD3rLYRoehNz"
"35","1","us","4","R_3t3rKkLbC6Fq60t"
"36","1","us","4","R_8e0Y50u8YOHLbFz"
"37","1","us","4","R_0CebqkSIp6ZTsK9"
"38","1","us","4","R_6sS9s1Cj6hh0zvT"
"39","1","us","4","R_6Khb6KJvSg0KsG9"
"40","1","us","4","R_a44cAHYYGKHppd3"
"41","1","us","5","R_01XYhQZBIwvxdDD"
"42","1","us","5","R_55popjO0lVetVdj"
"43","1","us","5","R_bK4FIFYCbI1T56l"
"44","1","us","5","R_aauPmaaKuI62C9v"
"45","1","us","5","R_doFZQui3F8R04tf"
"46","1","us","5","R_eqYlh4wUN4U5LXn"
"47","1","us","5","R_6FsX2AroVO3SNkp"
"48","1","us","5","R_1GMkS9BVvMekNwN"
"49","1","us","5","R_5yHXgyHqSEY87l3"
"50","1","us","5","R_6orlbaSasUNNoX3"
"51","1","us","6","R_0pL1LX58wFM0pox"
"52","1","us","6","R_afshrWOHQr0lGS1"
"53","1","us","6","R_cRQGgIBIQYqbMjj"
"54","1","us","6","R_0r24cYdybYWmGCF"
"55","1","us","6","R_0GGPKojhvEdWUBv"
"56","1","us","6","R_3KTMFDnz0f06S7X"
"57","1","us","6","R_3CO4jzo4JRWW137"
"58","1","us","6","R_aY6ZhUAUSRxHtxH"
"59","1","us","6","R_9NYAxD2XqvQR75H"
"60","1","us","6","R_2lVHAFdeOo4vaOF"
"61","1","us","7","R_0kC1q0S5kjySuSp"
"62","1","us","7","R_2skGuFQMyQDkU6h"
"63","1","us","7","R_3gfJBMqWUSboXpb"
"64","1","us","7","R_9vpV6ndeL6zd2GV"
"65","1","us","7","R_2crksm4Y6bFKD5z"
"66","1","us","7","R_9NMghMapgwelaT3"
"67","1","us","7","R_6uq0RkutUs1RLtb"
"68","1","us","7","R_7Up3AWRkDN7DjgN"
"69","1","us","7","R_agVWbT0RtmmPHnL"
"70","1","us","7","R_3ksRxK7s0SRjiwR"
"71","1","us","8","R_0J656FzFSThdWXX"
"72","1","us","8","R_4M9Q6PWK8Yhy1vL"
"73","1","us","8","R_4ZUjBbfE7R7hrfv"
"74","1","us","8","R_bEj3P7uCbB3zh77"
"75","1","us","8","R_9yRNbRlBhEzdvpz"
"76","1","us","8","R_d6lMpi0UgZ2s9mt"
"77","1","us","8","R_1EVYXR49z1if5T7"
"78","1","us","8","R_0362z9pndXwd40J"
"79","1","us","8","R_5oN5RWrmOq2eCrz"
"80","1","us","8","R_7O6bEwbHkOj3vP7"
"81","1prime","us","1","R_ewDUXA2HhdtA41n"
"82","1prime","us","1","R_6xmbP1k3PqMQ3w9"
"83","1prime","us","1","R_ehRzEQEJZlJca69"
"84","1prime","us","1","R_1TBoZzFxCTn8St7"
"85","1prime","us","1","R_2b1M6oLq2HrIWfX"
"86","1prime","us","1","R_b33opNbtbpXOPxH"
"87","1prime","us","1","R_eY6CI04SJA3DzZH"
"88","1prime","us","1","R_0kQY7rxo4aOHkqh"
"89","1prime","us","1","R_eFLvi17JcxE2mgJ"
"90","1prime","us","2","R_1XFkTLjImdbeNdH"
"91","1prime","us","2","R_6kWH19B3PdQhpXL"
"92","1prime","us","2","R_3QWWVqODmFucO4l"
"93","1prime","us","2","R_7PRAUQ9y1fhgjwV"
"94","1prime","us","2","R_1B1H033NFLpgv3f"
"95","1prime","us","2","R_6Mgg4qA416Yw27X"
"96","1prime","us","2","R_a9wXbA66b14G7PL"
"97","1prime","us","2","R_3DeNBnxaSZOHdXf"
"98","1prime","us","2","R_bswEF7HEf6RNXTL"
"99","1prime","us","3","R_507uNPeXAVYiC0d"
"100","1prime","us","3","R_37XmwaaibanKJNz"
"101","1prime","us","3","R_3xtkTNLG0OGM05v"
"102","1prime","us","3","R_eQJupgPB9DpGfbL"
"103","1prime","us","3","R_898pwCLkvKa8EOp"
"104","1prime","us","3","R_aXocal1VNKnKDLT"
"105","1prime","us","3","R_a3JYuWJdhDBrUZT"
"106","1prime","us","3","R_0uDWxv6sZ4Qgq9v"
"107","1prime","us","3","R_d0cSEb005GfZEeF"
"108","1prime","us","4","R_9H57FZ4kJJxzBkN"
"109","1prime","us","4","R_2n1rYDvMphbkVcV"
"110","1prime","us","4","R_3JAxbm50CQnVCJf"
"111","1prime","us","4","R_cHfGVn8QlkSrIC9"
"112","1prime","us","4","R_1AhwisvTNElTEy1"
"113","1prime","us","4","R_d6w6cW70Kqzyivb"
"114","1prime","us","4","R_7UNB3Kbls7gvqFT"
"115","1prime","us","4","R_bjsWmU1KQWXfN1X"
"116","1prime","us","4","R_5bB05KkpE5gFllP"
"117","1prime","us","5","R_bBM2X4xG92dkXgV"
"118","1prime","us","5","R_3VmJuG4IlmZWFgN"
"119","1prime","us","5","R_0vbCZgqxW8wrC1T"
"120","1prime","us","5","R_8uztj9hKCAVaCdT"
"121","1prime","us","5","R_3q3bliEshNJOkzb"
"122","1prime","us","5","R_8J57dNNRNjD42TH"
"123","1prime","us","5","R_bBfYjB9D5umgLzv"
"124","1prime","us","5","R_3NOgW1qALnFWdKZ"
"125","1prime","us","5","R_73QBzUOyF2RrytL"
"126","1prime","us","6","R_bjWYJrRDV8h9NwF"
"127","1prime","us","6","R_8pteTHcD2dU0K2x"
"128","1prime","us","6","R_8obJb0xv00YxfMx"
"129","1prime","us","6","R_7VZkA2eJPXKJVch"
"130","1prime","us","6","R_0wZitES3fjLgV01"
"131","1prime","us","6","R_29yuUYtcaZzPQNf"
"132","1prime","us","6","R_8tSWtGNb5zzhr7f"
"133","1prime","us","6","R_42t8bXp3RFVBVSR"
"134","1prime","us","6","R_1AdL3gbLxotG9V3"
"135","1prime","us","7","R_3CnJ6nY1LmQEh1P"
"136","1prime","us","7","R_0Pqy6uyYeT5LFgV"
"137","1prime","us","7","R_089ig6ZZaf77ItD"
"138","1prime","us","7","R_aVviiF8VJFfFWct"
"139","1prime","us","7","R_b2ekbp7eY5xGs2F"
"140","1prime","us","7","R_cNIqBnIuzgJYx8h"
"141","1prime","us","7","R_ctC4w4hA9WUkpwN"
"142","1prime","us","7","R_5myNabfppxOMVNP"
"143","1prime","us","7","R_8AJgwBXYySaobXv"
"144","1prime","us","8","R_a36Gjpe74gRow6N"
"145","1prime","us","8","R_b3r0MWSaAzIwKpf"
"146","1prime","us","8","R_1AqLd0WVa4ZX6vz"
"147","1prime","us","8","R_2rDwt5f87G2xplz"
"148","1prime","us","8","R_2mkWGaX5CAi847j"
"149","1prime","us","8","R_aVs4ZAkw1Na0ARf"
"150","1prime","us","8","R_ewYYcEDBzjiOWk5"
"151","1prime","us","8","R_0SPgvSc9E0npoI5"
"152","1prime","us","8","R_1Mv5XftQulYdEdT"
"153","2","us","s1","S01"
"154","2","us","s1","C01"
"155","2","us","s1","S17"
"156","2","us","s1","C17"
"157","2","us","s1","S35"
"158","2","us","s1","S09"
"159","2","us","s1","S27"
"160","2","us","s1","C09"
"161","2","us","s2","C02"
"162","2","us","s2","C18"
"163","2","us","s2","S02"
"164","2","us","s2","S36"
"165","2","us","s2","C10"
"166","2","us","s2","S28"
"167","2","us","s2","S20"
"168","2","us","s2","S10"
"169","2","us","s3","S03"
"170","2","us","s3","C03"
"171","2","us","s3","S29"
"172","2","us","s3","S37"
"173","2","us","s3","S19"
"174","2","us","s3","C11"
"175","2","us","s3","S21"
"176","2","us","s3","FC02"
"177","2","us","s4","S38"
"178","2","us","s4","S04"
"179","2","us","s4","S12"
"180","2","us","s4","C04"
"181","2","us","s4","C20"
"182","2","us","s4","S30"
"183","2","us","s4","C12"
"184","2","us","s4","S22"
"185","2","us","s5","C21"
"186","2","us","s5","FC04"
"187","2","us","s5","S23"
"188","2","us","s5","C05"
"189","2","us","s5","S05"
"190","2","us","s5","FC03"
"191","2","us","s5","S18"
"192","2","us","s5","C13"
"193","2","us","s6","C06"
"194","2","us","s6","S06"
"195","2","us","s6","S32"
"196","2","us","s6","C14"
"197","2","us","s6","S24"
"198","2","us","s6","C22"
"199","2","us","s6","S14"
"200","2","us","s6","FC01"
"201","2","us","s7","S33"
"202","2","us","s7","C07"
"203","2","us","s7","C15"
"204","2","us","s7","C23"
"205","2","us","s7","S07"
"206","2","us","s7","FC05"
"207","2","us","s7","S25"
"208","2","us","s7","S15"
"209","2","us","s8","S34"
"210","2","us","s8","C08"
"211","2","us","s8","S100"
"212","2","us","s8","FC06"
"213","2","us","s8","S16"
"214","2","us","s8","C24"
"215","2","us","s8","S26"
"216","2","us","s8","S08"
"217","3","india","1","R_a8EqAFUbU3caIRv"
"218","3","india","1","R_3lcq67clxcRjDHT"
"219","3","india","1","R_9zRcyVXp19xFKNT"
"220","3","india","1","R_9spvuEeMyH7tflX"
"221","3","india","1","R_eJXPoIFBQ8A0PvD"
"222","3","india","1","R_2m1J4xaE624mktf"
"223","3","india","1","R_29sVmUToQBnKg2p"
"224","3","india","1","R_3vJ1APVXeLNuGyh"
"225","3","india","1","R_9QZdhHeLYSlDzbD"
"226","3","india","1","R_9Try4aHnJ5AsttX"
"227","3","india","2","R_1Ff41BzoDImtIAl"
"228","3","india","2","R_3yn4PB6RcAvITw9"
"229","3","india","2","R_5ywYHpJ8SJbp0yN"
"230","3","india","2","R_eEyPwCWt20XNxmR"
"231","3","india","2","R_8ka4ubzDrwpi3EV"
"232","3","india","2","R_5gUo15jRzejhFml"
"233","3","india","2","R_9TEZUEEUkfBI2O1"
"234","3","india","2","R_etCQ0BhjxAGyjgV"
"235","3","india","2","R_cMuOYyqqJzuvy7P"
"236","3","india","2","R_0w8LNALq9Yx7zRX"
"237","3","india","3","R_82H1CHx1z37jhKl"
"238","3","india","3","R_cXSvilGnYTeDOWp"
"239","3","india","3","R_0evudLtfunxH8Ox"
"240","3","india","3","R_eXsE7IoKEyYU9q5"
"241","3","india","3","R_aY70T8KB3iGxxxr"
"242","3","india","3","R_01Hx6UvHhIQMuUJ"
"243","3","india","3","R_5oIOKprrrn1IKCV"
"244","3","india","3","R_aXJNyNpMneKqEqV"
"245","3","india","3","R_3qqRZQ87EDpJ05T"
"246","3","india","3","R_0ppc2oC8cxSBm7j"
"247","3","india","4","R_ebY5pQ37PNqoGPP"
"248","3","india","4","R_e9BBhwLrLCSb0DX"
"249","3","india","4","R_6QexYkI3wT29yC1"
"250","3","india","4","R_elgHDXjYFSU2EDP"
"251","3","india","4","R_8jIsJYE6RrJPcRn"
"252","3","india","4","R_25CgkDmkQ13fnSJ"
"253","3","india","4","R_eD7xBkwTP9Ntw1L"
"254","3","india","4","R_2lZ3WiFWiU8G4Lj"
"255","3","india","4","R_9sLwgVvk7bEBahT"
"256","3","india","4","R_eLsgFcfoA4vORz7"
"257","3","india","5","R_eCMCjff95kxgU29"
"258","3","india","5","R_3pWs0vjdvU9xIMt"
"259","3","india","5","R_8eT6je8IuazWAsZ"
"260","3","india","5","R_abBQViLueBOPqqp"
"261","3","india","5","R_0VrCwWodEEtzMlD"
"262","3","india","5","R_0MuRUjLXjs5nvut"
"263","3","india","5","R_8A4HlOhSZRajiy9"
"264","3","india","5","R_1ZdXbuZkFWdTQKF"
"265","3","india","5","R_egP96I3ejccr9J3"
"266","3","india","5","R_djzj3Ufxgd9Xtpr"
"267","3","india","6","R_0NxtJjKDlY5BNoV"
"268","3","india","6","R_egFgbhGtpXcVqD3"
"269","3","india","6","R_1zwSFeoV0YaizHL"
"270","3","india","6","R_3mjUFIneyZstjhj"
"271","3","india","6","R_9yOe7ghHtKw7Of3"
"272","3","india","6","R_beGUJwGWcYygtzD"
"273","3","india","6","R_eSf2WwlnzsLAA4t"
"274","3","india","6","R_73Y0ZAg42gsPxBj"
"275","3","india","6","R_cuaWzjIBsZ8caRT"
"276","3","india","6","R_0qtzYvbIbxZoY2p"
"277","3","india","7","R_3wKYJJRjjH3XFGJ"
"278","3","india","7","R_e3YRBCQyvI33in3"
"279","3","india","7","R_6Yz1yBLmOZwMs9T"
"280","3","india","7","R_0HZzayrBFZ6vFJz"
"281","3","india","7","R_8tTXo0naQU3eCVf"
"282","3","india","7","R_8lb1unUgTDDzWFD"
"283","3","india","7","R_bsIDhwTPJ473u8R"
"284","3","india","7","R_71BVATw1CABXe05"
"285","3","india","7","R_1Llgy3aBQhV7IQR"
"286","3","india","7","R_6WO4TfAVU4ea96d"
"287","3","india","8","R_cPlZPrJCw91kym9"
"288","3","india","8","R_3kN3GE3FcdOUcAd"
"289","3","india","8","R_6fnuoACI5FOKpZX"
"290","3","india","8","R_9S5j88o5klNBA3z"
"291","3","india","8","R_9AMbvWegunKs8mx"
"292","3","india","8","R_8koqAeqmq4jfm4J"
"293","3","india","8","R_3aTS5Td067yyDEV"
"294","3","india","8","R_0jPxVqIa3bqZSWV"
"295","3","india","8","R_0IiJu2S5o14sTeR"
"296","3","india","8","R_6JX0HBOVpiexXVz"
"297","4","india","1","R_3lPmlEl03ASOasR"
"298","4","india","1","R_81ke5D6BhvWfVOJ"
"299","4","india","1","R_74dFI2XW1VzDdEV"
"300","4","india","1","R_af0iwumm0ntNJcN"
"301","4","india","1","R_5dJaOXZn6CTgG1v"
"302","4","india","1","R_40iu8l5yegtxlvn"
"303","4","india","1","R_b930VSHt4lTTWUB"
"304","4","india","1","R_3BH5BEsyC2SqOaN"
"305","4","india","1","R_dgpl2sWVZnjHhhr"
"306","4","india","1","R_3Kx5Snzb299dbcp"
"307","4","india","2","R_6svoKnUJvaG2X77"
"308","4","india","2","R_aeYlCcRXlPn57XD"
"309","4","india","2","R_2c8jrZkGYP9rzq5"
"310","4","india","2","R_bCpBG6nMVfXrv6d"
"311","4","india","2","R_88InPVr9BHeirpb"
"312","4","india","2","R_em7mwyfhZGOfRGd"
"313","4","india","2","R_eu46Nki2hQvcECh"
"314","4","india","2","R_8vxveGkOZGi2snz"
"315","4","india","2","R_eKX2XJ7ckMfp5Fb"
"316","4","india","2","R_7ZMvmx3KayR3b2l"
"317","4","india","3","R_9tAKs7uiqmmDSuN"
"318","4","india","3","R_9Nzf48gTiYhVmgR"
"319","4","india","3","R_e39DSoF0fmJN3Zr"
"320","4","india","3","R_098V7PfN6EG7jiB"
"321","4","india","3","R_4Nkg47qFJkSc4st"
"322","4","india","3","R_8JpDIsDIHXLgFw1"
"323","4","india","3","R_bD68bazHIu2lejH"
"324","4","india","3","R_bQIUbicP96BP1mB"
"325","4","india","3","R_bOceZGCjZNggljD"
"326","4","india","3","R_exhgNaGy9vo2VuZ"
"327","4","india","4","R_01CmPlK7oSmoKJT"
"328","4","india","4","R_cub2B34drj7TAoZ"
"329","4","india","4","R_5gSVXvZuZRlq0cJ"
"330","4","india","4","R_1SQmi3SwioBrX1j"
"331","4","india","4","R_8w85BuWY7Je5TiB"
"332","4","india","4","R_b1QrN9le7N6ELE9"
"333","4","india","4","R_9uwpT96V3nnOlM1"
"334","4","india","4","R_ezChfIhlztl8OYR"
"335","4","india","4","R_5AbshrqOP4ZBpVr"
"336","4","india","4","R_3aX22R1bHzi91el"
"337","4","india","5","R_9SGY7Xs2UEky73L"
"338","4","india","5","R_7Wodmtuqi6sJFyZ"
"339","4","india","5","R_6rgJJNncMM7KunH"
"340","4","india","5","R_cOtPCugbeywFNB3"
"341","4","india","5","R_0fDEnTLNGllNVtz"
"342","4","india","5","R_0HEyDd1SdkvyihL"
"343","4","india","5","R_dnAd1Jrf8E6cfad"
"344","4","india","5","R_5ATlGkQON7ZamNv"
"345","4","india","5","R_4NMvHHhDVHsLfKJ"
"346","4","india","5","R_cFUM04zQslyKFXT"
"347","4","india","6","R_dgkuOBjERZlid6J"
"348","4","india","6","R_3WPFuPaqBjH8meF"
"349","4","india","6","R_0v4QVEn5iFqXYzz"
"350","4","india","6","R_9oEQVkLmBeDOuCF"
"351","4","india","6","R_0B4lbTiYeQU4e6F"
"352","4","india","6","R_5p948PT5ntD5eFD"
"353","4","india","6","R_eWB3icIuTY7e43H"
"354","4","india","6","R_3PfJQrr6WIdMXFb"
"355","4","india","6","R_bQmEIgUEfhuZcmp"
"356","4","india","6","R_ahsCDFo95qM5FSB"
"357","4","india","7","R_6ioOGovAVatbY3j"
"358","4","india","7","R_eA1fIjt3xnwvQ21"
"359","4","india","7","R_0NUXxuvRvdvRK6x"
"360","4","india","7","R_54hzI6emdPFDrY9"
"361","4","india","7","R_cGSCEVs3lKuQR8N"
"362","4","india","7","R_3xt3SSJlceOd9DD"
"363","4","india","7","R_ac4qjsmUi636EV7"
"364","4","india","7","R_5jx9KdPXzfDkJ9z"
"365","4","india","7","R_3NI9K6RBUujh8Ut"
"366","4","india","7","R_9sfADswhlKKEYzH"
"367","4","india","8","R_9zPLh3jY4dI1VWJ"
"368","4","india","8","R_9YpojaMazVrdict"
"369","4","india","8","R_bEenMBYdqxA4igd"
"370","4","india","8","R_9T77ahzrRk6BNVH"
"371","4","india","8","R_cAfd9E8qgi0RVhr"
"372","4","india","8","R_23QlSQ48QbjJEd7"
"373","4","india","8","R_4Pzx0tFnwnnBI6F"
"374","4","india","8","R_6m91pilIcD9VAIl"
"375","4","india","8","R_9XK9kLYCg3BjQxf"
"376","4","india","8","R_cZJJNWQZFPNabZz"
"377","4","us","1","R_3l6xPxziWNAd5Vr"
"378","4","us","1","R_4MfFIygaehM0YVn"
"379","4","us","1","R_d5bMBdSXRdqWQTz"
"380","4","us","1","R_efjL9cbbEAkPEEZ"
"381","4","us","1","R_0pjQoOMKAXt9oI5"
"382","4","us","1","R_3ERjaCHiC2d5Irj"
"383","4","us","1","R_cFOiIyFkZkyl1ch"
"384","4","us","1","R_bqrJ5KMWNmKbkod"
"385","4","us","1","R_eRHJZT9YqNgBk6V"
"386","4","us","1","R_bqnitfUexpvNXA9"
"387","4","us","2","R_8CeQ4u59JooBtI1"
"388","4","us","2","R_0dq4ShpjLvr9YuV"
"389","4","us","2","R_4H36I5JzjfuA44d"
"390","4","us","2","R_cTkbEV0yReeevnT"
"391","4","us","2","R_2nHtreS8C4U0EJL"
"392","4","us","2","R_eQg0vilk13u9Tk9"
"393","4","us","2","R_3efuYt2xcCSDI2x"
"394","4","us","2","R_bQT97GZvcXesZSd"
"395","4","us","2","R_56GqOmgNfovKiln"
"396","4","us","2","R_0MuIleoezKzpydv"
"397","4","us","3","R_3E6jVGesshMhpPv"
"398","4","us","3","R_56g6P7nKCBd2J3D"
"399","4","us","3","R_5nDWcQrROqEVztH"
"400","4","us","3","R_aXo5pdPKXJtUdMN"
"401","4","us","3","R_4ZLzUlofZ7Pn4nX"
"402","4","us","3","R_54j20JHVwTJmZz7"
"403","4","us","3","R_eEUwIWv4zvVVm4Z"
"404","4","us","3","R_0SMAEVLmll4bw0J"
"405","4","us","3","R_2mfXqkHhuHfCjHv"
"406","4","us","3","R_1BugmdE9BeZDZnn"
"407","4","us","4","R_0wC3xOkHkx3HG1n"
"408","4","us","4","R_8pnofp8oVOcReg5"
"409","4","us","4","R_cZl5q7ijYdtPwQ5"
"410","4","us","4","R_8iYldiltcuKG4At"
"411","4","us","4","R_eJuDm21YrBFVg4l"
"412","4","us","4","R_80qtYweEppSVPrD"
"413","4","us","4","R_887Ab5KmOWjtKoB"
"414","4","us","4","R_2rZPLuUta4NU8SN"
"415","4","us","4","R_9YMrS1QGl7XXFGJ"
"416","4","us","4","R_2lPxn7gbh41qJRH"
"417","4","us","5","R_eJz9GWYOaXp45eJ"
"418","4","us","5","R_0vOpu92L8E4LuqF"
"419","4","us","5","R_4Z3L1Tz5Z1732C1"
"420","4","us","5","R_cZyAbuRXjT8vdBz"
"421","4","us","5","R_0TCWqdNmg7zgatT"
"422","4","us","5","R_2uleVBtI4fTGQBL"
"423","4","us","5","R_9AkDNrtE5vYPzBH"
"424","4","us","5","R_cNHPm9R24niONA9"
"425","4","us","5","R_aXYwpNy8LOmXyUl"
"426","4","us","5","R_41GRxv4zzne8KPz"
"427","4","us","6","R_em9YvgpJkIp9RNX"
"428","4","us","6","R_2s18LuBPwpxvWAt"
"429","4","us","6","R_73s2GoU5ukKbUKF"
"430","4","us","6","R_eP5nHV0n96xqL53"
"431","4","us","6","R_4YrYk6G0p0x9yaV"
"432","4","us","6","R_8IDoQAJeC5cdraB"
"433","4","us","6","R_bJF27h42u58wRsV"
"434","4","us","6","R_abiDIXp86eg4k9n"
"435","4","us","6","R_bfotAraFFrC95vD"
"436","4","us","6","R_cvDlstliz9CWH1r"
"437","4","us","7","R_0Ha0liVZDzh6v89"
"438","4","us","7","R_8wzmB4XumrxFeW9"
"439","4","us","7","R_bkGr72ZaeSIN2Kh"
"440","4","us","7","R_0DkzWLAOntAm7GZ"
"441","4","us","7","R_8koILKBtt83exOl"
"442","4","us","7","R_0pubM3UOICUxNnD"
"443","4","us","7","R_3KJYWoVnNl8tkhf"
"444","4","us","7","R_6Jp1ebT0wVVX9ad"
"445","4","us","7","R_bNQ6iZwNv8RnBbv"
"446","4","us","7","R_eyrilNqGObsm1Fj"
"447","4","us","8","R_7NYV5tXW6w7fF0p"
"448","4","us","8","R_0wZcxLHaDsAsDB3"
"449","4","us","8","R_eb5yV9STQoeClrD"
"450","4","us","8","R_4IXpD8A6ZTaP0Al"
"451","4","us","8","R_dcFTm0GMYeMyKyh"
"452","4","us","8","R_bsAT1Pv51w7lnKJ"
"453","4","us","8","R_bvicdFmVNwx35yJ"
"454","4","us","8","R_7TGGO5JQROhUS0d"
"455","4","us","8","R_9MK1OIcaEvhPG85"
"456","4","us","8","R_cuzzHM5zgmVhalL"
